id,title,original_title,type,description,primary_image,content_rating,start_year,end_year,release_date,is_adult,runtime_minutes,average_rating,num_votes,company_id,company_name,genre
tt11846550,Kayara,Kayara,movie,A young Inca girl dreams of joining the all-male Chasqui messenger group. She challenges traditions and gender norms to pursue her ambition against all odds.,https://m.media-amazon.com/images/M/MV5BY2YxNzg4ZmEtNTdjNy00MTQ0LTgyYTQtNDY4NTQ2YjUwNmQ2XkEyXkFqcGc@._V1_.jpg,,2025,0,2025-03-30,false,90,6.4,74,co0512945,B-Water Studios,Action
tt4900148,Elio,Elio,movie,"Elio, a space fanatic with an active imagination, finds himself on a cosmic misadventure where he must form new bonds with alien lifeforms, navigate a crisis of intergalactic proportions and somehow discover who he is truly meant to be.",https://m.media-amazon.com/images/M/MV5BNjRiYzIxMjItNWUxNi00NDc5LWJjMzEtZmRkY2EwOTJhZjkyXkEyXkFqcGc@._V1_.jpg,,2025,0,2025-06-20,false,0,0.0,0,co0008970,Walt Disney Pictures,Adventure
tt14830912,The Lost Princess,The Lost Princess,movie,A Billionaire discovers his true destiny after stumbling upon a haunted castle and fights to protect the castle's legacy.,https://m.media-amazon.com/images/M/MV5BNDk1Mjg5MjMtOTIzOS00YWNmLTllYmUtNTEyZWVhMTgyMGQ3XkEyXkFqcGc@._V1_.jpg,,2025,0,2025-05-15,false,91,0.0,0,co0284556,H Films,Action
tt12908150,The Life of Chuck,The Life of Chuck,movie,"A life-affirming, genre-bending story based on Stephen King's novella about three chapters in the life of an ordinary man named Charles Krantz.",https://m.media-amazon.com/images/M/MV5BZjc5Mjk3NzEtMDk5MC00MjUyLThjNDgtNDIzOGM3OTg3N2ZkXkEyXkFqcGc@._V1_.jpg,,2024,0,2025-05-30,false,110,7.7,459,co0059753,Intrepid Pictures,Drama
tt27543578,Good Fortune,Good Fortune,movie,A well-meaning but rather inept angel named Gabriel meddles in the lives of a struggling gig worker and a wealthy venture capitalist.,,,2025,0,2025-10-17,false,0,0.0,0,co0006881,Lionsgate,Action
tt31193180,Sinners,Sinners,movie,"Trying to leave their troubled lives behind, twin brothers return to their hometown to start again, only to discover that an even greater evil is waiting to welcome them back.",https://m.media-amazon.com/images/M/MV5BNjIwZWY4ZDEtMmIxZS00NDA4LTg4ZGMtMzUwZTYyNzgxMzk5XkEyXkFqcGc@._V1_.jpg,,2025,0,2025-04-18,false,0,0.0,0,co0002663,Warner Bros.,Drama
tt29644189,The Black Phone 2,Black Phone 2,movie,,https://m.media-amazon.com/images/M/MV5BMDM5ZmZjMGMtMjgwYy00NDRjLWIxM2EtZjYxZDk2YWI4M2JhXkEyXkFqcGc@._V1_.jpg,,2025,0,2025-10-17,false,0,0.0,0,co0098315,Blumhouse Productions,Horror
tt2321555,The Cat in the Hat,The Cat in the Hat,movie,A clever cat brings chaos and mischief to a pair of siblings struggling with their move to a new town.,https://m.media-amazon.com/images/M/MV5BMzY4MjI2ZWUtMDA0Mi00ZWExLTgyZTQtYjY2NGJhNjJiNmFhXkEyXkFqcGc@._V1_.jpg,,2026,0,2026-03-06,false,0,0.0,0,co0468593,Warner Bros. Pictures Animation,Adventure
tt9150192,A Working Man,A Working Man,movie,"Levon Cade left his profession behind to work construction and be a good dad to his daughter. But when a local girl vanishes, he's asked to return to the skills that made him a mythic figure in the shadowy world of counter-terrorism.",https://m.media-amazon.com/images/M/MV5BYmQxZGIxNTYtYTQwMy00ODdkLWI0MmQtM2E0ZmIyNmYzMGMzXkEyXkFqcGc@._V1_.jpg,R,2025,0,2025-03-28,false,116,0.0,0,co1031934,Black Bear,Action
tt22375408,Electra,Electra,movie,A journalist and his female companion travel to interview a famous musician in Rome where a generous invite to a country estate becomes something much more than anyone expected.,https://m.media-amazon.com/images/M/MV5BNjM5NTY5NjgtYzJhYi00NjNkLWExZDItMzgyYzIzYzhjNmEwXkEyXkFqcGc@._V1_.jpg,,2024,0,2024-02-09,false,85,7.3,24,co0548151,Ring Film,Thriller
tt13491834,Sacramento,Sacramento,movie,"An energetic and free-spirited young man convinces his long-time friend, who's settled into domestic life, to go on an impromptu road trip from Los Angeles to Sacramento.",https://m.media-amazon.com/images/M/MV5BMGIzYWM0YmUtZjFkZS00N2MwLWEyMDUtZGU5NTgwOTFiZGJhXkEyXkFqcGc@._V1_.jpg,R,2024,0,2025-04-11,false,84,7.0,133,co0574133,Bee-Hive Productions,Comedy
tt28784201,Another in the Fire,Another in the Fire,movie,"On May 22nd 1980 at midnight, that was the night I died. Based on a true story",https://m.media-amazon.com/images/M/MV5BNDViN2RmZTQtYzI5NS00Y2I2LTkwZmMtYjEyYjJjMDZiYTFjXkEyXkFqcGc@._V1_.jpg,Approved,2025,0,2025-09-01,false,99,0.0,0,co1017714,Mike Walter Entertainment,Action
tt23572848,The SpongeBob Movie: Search for Squarepants,The SpongeBob Movie: Search for SquarePants,movie,"SpongeBob and his friends Patrick, Squidward, Sandy, and Mr. Krabs journey to the ocean's depths to face the Flying Dutchman's ghost, encountering challenges and uncovering marine mysteries.",https://m.media-amazon.com/images/M/MV5BMzliZGExYWYtZTEwMi00ZGQ1LWE1NWYtN2I4YTc5ODJlMTk0XkEyXkFqcGc@._V1_.jpg,,2025,0,2025-12-19,false,0,0.0,0,co0044395,Nickelodeon Animation Studios,Adventure
tt30835291,Swamp Dogg Gets His Pool Painted,Swamp Dogg Gets His Pool Painted,movie,"Cult musician Swamp Dogg and housemates Moogstar and Guitar Shorty have turned their suburban LA home into an artistic haven. They journey through the turbulent music business, forming a special friendship transcending eras.",https://m.media-amazon.com/images/M/MV5BZDUyNDJhNGYtNDBjZS00Y2RjLWEwOTAtYTlhZGQ2OGVmYzE4XkEyXkFqcGc@._V1_.jpg,,2024,0,2024-03-08,false,95,8.9,39,co1042766,Poorly Painted Pools,Comedy
tt9254940,Sneaks,Sneaks,movie,"When a designer sneaker unwittingly finds himself lost in New York City, he must dig deep into his sole in order to rescue his sister and return to his rightful owner.",https://m.media-amazon.com/images/M/MV5BYjg4Y2Q1NDEtMjcxMi00ZWViLTlmNzMtZTJhNDY5ZGJlYzFhXkEyXkFqcGc@._V1_.jpg,,2025,0,2025-04-18,false,92,0.0,0,co0762814,Ashland Hill Media Finance,Adventure
tt32085997,Misericordia,Miséricorde,movie,"Returning to Saint-Martial for his late boss's funeral, Jérémie's stay with widow Martine becomes entangled in a disappearance, a threatening neighbor, and an abbot's shady intentions.",https://m.media-amazon.com/images/M/MV5BYzg3MzQzNGMtYzA0NC00M2M3LWFiMDQtNDY2ZTc5OWI2YTc0XkEyXkFqcGc@._V1_.jpg,,2024,0,2025-03-21,false,104,6.9,1542,co0423337,CG Cinéma,Comedy
tt32214143,Gabby's Dollhouse: The Movie,Gabby's Dollhouse: The Movie,movie,Gabby and Grandma Gigi's road trip takes an unexpected turn when Gabby's prized dollhouse ends up with eccentric cat lady Vera. Gabby embarks on a adventure to reunite the Gabby Cats and retrieve her beloved dollhouse before it's too late.,https://m.media-amazon.com/images/M/MV5BNjNiZDA4MTgtZTUyMC00Mzc0LWIzZGMtN2YyODVhODhkNDQ3XkEyXkFqcGc@._V1_.jpg,,2025,0,2025-09-26,false,85,0.0,0,co0129164,DreamWorks Animation,Adventure
tt31956415,Freakier Friday,Freakier Friday,movie,"Years after Tess and Anna endured an identity crisis, Anna now has a daughter and a soon-to-be stepdaughter. As they navigate the challenges that come when two families merge, Tess and Anna discover that lightning might strike twice.",https://m.media-amazon.com/images/M/MV5BNGM0ZTdhMjctNTY4MS00MGJiLTk0YjMtOGFmMDZmNGYxYzM5XkEyXkFqcGc@._V1_.jpg,,2025,0,2025-08-08,false,0,0.0,0,co0008970,Walt Disney Pictures,Comedy
tt10994444,STZ,STZ,movie,When three scientist launch a bio attack on a bus full of hot girls they create sex crazed zombies wreaking havoc on a small town.,https://m.media-amazon.com/images/M/MV5BZjUzNDhjNWEtOGM1ZS00YzQ3LWI2M2YtZmYyMjRlMjZlYjFhXkEyXkFqcGc@._V1_.jpg,,2025,0,2025-11-21,false,105,0.0,0,co0760520,Angry Troll Studio,Comedy
tt20969586,Thunderbolts*,Thunderbolts*,movie,"After finding themselves ensnared in a death trap, an unconventional team of antiheroes must embark on a dangerous mission that will force them to confront the darkest corners of their pasts.",https://m.media-amazon.com/images/M/MV5BZmFkZTQ1NDktZWJjOC00ZTVjLTg0NmMtMmMzZDcxZmExNDE1XkEyXkFqcGc@._V1_.jpg,,2025,0,2025-05-02,false,0,0.0,0,co0051941,Marvel Studios,Action
tt10994300,A Figgly Christmas,A Figgly Christmas,movie,"When Santa Claus crashes in the land of the Woodgies, Figgly has to help Santa and save Christmas.",https://m.media-amazon.com/images/M/MV5BYTQ2ZTI2MzMtYmFjYy00OGRlLWE4YTktMzNiYjFlYmNkZmIxXkEyXkFqcGc@._V1_.jpg,,2025,0,2025-11-20,false,82,0.0,0,co0760520,Angry Troll Studio,Animation
tt35462051,The Loot,The Loot,movie,"Henry and Angel Henderson discover a treasure with a letter promising millions from dealer Mary. Billy attempts to steal it, leading the brothers on a quest to protect their newfound fortune.",https://m.media-amazon.com/images/M/MV5BMGIzNDAyMWUtYWY5NS00MWRkLTkwNDUtMWI0NzQxYTliODZkXkEyXkFqcGc@._V1_.jpg,13+,2025,0,2025-05-16,false,0,0.0,0,co0991428,Jesse Zane Studios,Action
tt26443597,Zootopia 2,Zootopia 2,movie,"Brave rabbit cop Judy Hopps and her friend, the fox Nick Wilde, team up again to crack a new case, the most perilous and intricate of their careers.",https://m.media-amazon.com/images/M/MV5BZGJjNWExZjAtODNjYy00ZWZiLWE5ZTYtN2Y1YTAwNzQ3MWIyXkEyXkFqcGc@._V1_.jpg,,2025,0,2025-11-26,false,0,0.0,0,co0074039,Walt Disney Animation Studios,Action
tt27458104,Becoming the Night: A Nightwing Story,Becoming the Night: A Nightwing Story,movie,In 2034 Batman Inc. is the leading body of government in the United States and meta-humans are now a rare breed from their powers being stricken by mandatory vaccines and chemical-tainted food and water.,,,2025,0,2025-06-19,false,0,0.0,0,co0123927,DC Entertainment,Action
tt35435308,SKG: Death Row Records - Thru My Eyez (Documentary),SKG: Death Row Records - Thru My Eyez (Documentary),movie,"LA rapper shares her raw journey from troubled youth to Death Row Records artist, facing addiction, loss, and violence while working with legends and finding her path to redemption.",https://m.media-amazon.com/images/M/MV5BNGMxMGUyYmUtYmU1ZS00NzA3LWI5NDYtZmNlOTU4NjhmYTZhXkEyXkFqcGc@._V1_.jpg,,2025,0,2025-06-28,false,0,0.0,0,co0924067,Helecia Choyce and Associates,Documentary
tt22898462,The Conjuring: Last Rites,The Conjuring: Last Rites,movie,Paranormal investigators Ed and Lorraine Warren take on one last terrifying case involving mysterious entities they must confront.,https://m.media-amazon.com/images/M/MV5BNDAzMWNjZDYtZDI0MC00Y2ViLTk1ODUtY2NjMDkxZGQ3MDg4XkEyXkFqcGc@._V1_.jpg,,2025,0,2025-09-05,false,0,0.0,0,co0504531,Atomic Monster,Horror
tt28443655,Death of a Unicorn,Death of a Unicorn,movie,Father-Daughter duo Elliott and Ridley hit a unicorn with their car and bring it to the wilderness retreat of a mega-wealthy pharmaceutical CEO.,https://m.media-amazon.com/images/M/MV5BYjMzMjc0MjMtMTIzYS00N2VlLThlZjYtNjkwYjRhYTZlNjM1XkEyXkFqcGc@._V1_.jpg,R,2025,0,2025-03-28,false,104,5.4,383,co0390816,A24,Comedy
tt13020386,Four Letters of Love,Four Letters of Love,movie,"Based on Niall Williams' best-selling novel. Nicholas and Isabel were made for each other but how will they ever know it? As ghosts, fate and the sheer power of true love pull them together, so too does life threaten to tear them apart.",https://m.media-amazon.com/images/M/MV5BMWEzNTVhOWYtMTdmZC00MTVlLWE2ZGMtNWY2YmNkZDZjNzA0XkEyXkFqcGc@._V1_.jpg,,2024,0,2025-04-25,false,125,6.9,27,co0458832,Genesius Pictures,Drama
tt10209920,Alien Wars: Judgement Day,Alien Wars: Judgment Day,movie,"After an alien catastrophe, a few remaining human souls try to hold on to their sanity and their reality as humanity slowly slips into darkness.",https://m.media-amazon.com/images/M/MV5BNzUyMjNlZmEtZDQxZC00ZDBjLThiNWUtNDFlMmE0ODMzMTljXkEyXkFqcGc@._V1_.jpg,,2025,0,2025-12-29,false,90,0.0,0,co1057746,Masch Global Media,Sci-Fi
tt8639168,Crawlers,Crawlers,movie,"In the year 2030, a Zombie Pandemic of Biblical proportions decimates the United States' population. American survivors rush to Mexico to 'El Santuario del Sur', the southern sanctuary, a rocky plateau believed to be zombie free.",https://m.media-amazon.com/images/M/MV5BZjVjNmNlYmUtMWRiOS00ODFmLWE0MDAtMDAyMDkzMThiYWQyXkEyXkFqcGc@._V1_.jpg,,2025,0,2025-06-10,false,90,0.0,0,co0704224,Aye Films,Action
tt15138244,Divine Soldiers,Divine Soldiers,movie,,https://m.media-amazon.com/images/M/MV5BYTg1MDZkODYtNzM1MS00YzljLThlNjUtYmU0NDM3NTI4ZjBjXkEyXkFqcGc@._V1_.jpg,,2025,0,2025-07-04,false,0,0.0,0,co0842856,Art Confidential,Action
tt21942598,Freaky Tales,Freaky Tales,movie,"Four interconnected stories set in 1987 Oakland, CA. will tell about the love of music, movies, people, places and memories beyond our knowable universe.",https://m.media-amazon.com/images/M/MV5BOTYyNmYyN2EtYTFjNS00ZWY5LWJiZmMtNTk5N2MyYzkzMDhmXkEyXkFqcGc@._V1_.jpg,R,2024,0,2025-04-04,false,106,6.4,364,co0515595,MACRO,Action
tt23939106,Ponyboi,Ponyboi,movie,"Unfolding over the course of Valentine's Day in New Jersey, a young intersex sex worker must run from the mob after a drug deal goes sideways, forcing him to confront his past.",https://m.media-amazon.com/images/M/MV5BYTJhZmM2MzItOGQ3ZC00NDAwLWJjZDYtYThiNjQxOWRlZTAzXkEyXkFqcGc@._V1_.jpg,,2024,0,2025-06-27,false,103,5.7,269,co1044097,Tideline Entertainment,Drama
tt30274401,Five Nights at Freddy's 2,Five Nights at Freddy's 2,movie,"1987, after a rather unstable life, Jeremy Fitzgerald found work as a security guard at the new Freddy's Fazbear Pizzeria, but when he entered there he would realize that not everything there is as it seems.",https://m.media-amazon.com/images/M/MV5BZmYxZjEwYTAtOWY0ZS00MzExLWJkMmItYTM1YjdlZDZmYTZkXkEyXkFqcGc@._V1_.jpg,,2025,0,2025-12-05,false,0,0.0,0,co0005073,Universal Pictures,Horror
tt34966919,Magic Farm,Magic Farm,movie,"A media crew mistakenly ends up in the wrong country while trying to profile a musician. As they collaborate with locals to create a viral trend, relationships form amid an unfolding health crisis.",https://m.media-amazon.com/images/M/MV5BZjA3Zjc2ODMtNGY2NS00ZjcxLWFiYWYtOTNkMTY2MTQ3OTRkXkEyXkFqcGc@._V1_.jpg,,2025,0,2025-05-16,false,93,7.0,50,co0856537,Spacemaker Productions,Comedy
tt18069420,Smurfs,Smurfs,movie,"When Papa Smurf is taken by evil wizards Razamel and Gargamel, Smurfette leads the Smurfs on a mission to the real world to save him.",https://m.media-amazon.com/images/M/MV5BODJhNzZhMDItYWNjYy00YmFhLTgyMjEtZTI4MjA1ZGEyZGFkXkEyXkFqcGc@._V1_.jpg,,2025,0,2025-07-18,false,0,0.0,0,co0147918,International Motion Picture Studios (IMPS),Adventure
tt33050528,Colorful Stage! The Movie: A Miku Who Can't Sing,Gekijô-ban Purojekuto Sekai Kowareta Sekai to Utaenai Miku,movie,Shibuya teen musician Ichika meets Hatsune Miku after hearing her song in a store. The pair work together to help Miku forge emotional connections through music.,https://m.media-amazon.com/images/M/MV5BNjVhMTJkNWQtNTViMy00OGU0LWI1ZDUtOTdkYTQ3MTRiMTFiXkEyXkFqcGc@._V1_.jpg,,2025,0,2025-04-11,false,105,6.5,179,co0922086,Colorful Palette,Animation
tt1633359,The Toxic Avenger,The Toxic Avenger,movie,"A horrible toxic accident transforms downtrodden janitor, Winston Gooze into a new evolution of hero: The Toxic Avenger.",https://m.media-amazon.com/images/M/MV5BMTVmYWE1NzMtZmFlMi00YjcyLTgwMTQtNjFkNWY5YjY2MTRkXkEyXkFqcGc@._V1_.jpg,R,2023,0,2023-09-21,false,102,6.0,542,co0159111,Legendary Entertainment,Action
tt32492552,Untitled the Exorcist/Mike Flanagan Project,Untitled the Exorcist/Mike Flanagan Project,movie,,,,2026,0,2026-03-13,false,0,0.0,0,co0098315,Blumhouse Productions,Horror
tt26597666,Juliet & Romeo,Juliet & Romeo,movie,"Based on the real story that inspired Shakespeare's Romeo and Juliet, follows the greatest love story of all time, set as an original pop musical.",https://m.media-amazon.com/images/M/MV5BMTc3NjM0OTYtZDRlNy00MzE0LWExMmItYzdlOWY1MjJhZjE0XkEyXkFqcGc@._V1_.jpg,PG-13,2025,0,2025-02-14,false,121,0.0,0,co0744053,Hero Entertainment Group,Drama
tt32338669,Mutiny,Mutiny,movie,"After his billionaire industrialist boss is murdered in front of him, Cole Reed is set up to take the fall for the crime -- leaving him on the run as he works to uncover an international conspiracy.",,,2026,0,2026-01-09,false,0,0.0,0,co0535275,MadRiver Pictures,Action
tt10921118,The Street Avenger,The Street Avenger,movie,"A girl loses her father to gang violence. Seeking revenge, she becomes a vigilante fighting rival gangs while evading police. But reality proves unlike comic books.",https://m.media-amazon.com/images/M/MV5BODg4M2ZiNmQtODhkYi00YjhhLWEwMWItOTJlYmYzNTliNDgxXkEyXkFqcGc@._V1_.jpg,,2025,0,2025-12-24,false,0,0.0,0,co0760520,Angry Troll Studio,Action
tt20990442,Him,Him,movie,A promising young football player joins an isolated compound to train under a dynasty team's aging quarterback.,,R,2025,0,2025-09-19,false,0,0.0,0,co0369235,Monkeypaw Productions,Horror
tt32086034,Holy Cow,Vingt dieux,movie,"Totone's carefree teenage life of drinking and dancing takes a turn when he must provide for his 7-year-old sister. Seeking income, he channels his energy into producing an award-winning comté cheese to claim a competition prize.",https://m.media-amazon.com/images/M/MV5BZDQwY2RkMjItYzQ0NS00NjRiLWI1NjMtM2RkZThlMWJlODE3XkEyXkFqcGc@._V1_.jpg,,2024,0,2025-03-28,false,92,7.2,1073,co0044919,Ex Nihilo,Comedy
tt32654916,Soulm8te,SOULM8TE,movie,"A man acquires an Artificially Intelligent android to cope with the loss of his recently deceased wife. In an attempt to create a truly sentient partner, he inadvertently turns a harmless lovebot into a deadly soulmate.",,,2025,0,2026-01-02,false,0,0.0,0,co0504531,Atomic Monster,Sci-Fi
tt8702454,The Third Parent,The Third Parent,movie,"Amidst the 4th of July celebration, a disturbing figure named Tommy Taffy emerges, disguising himself as a human to infiltrate a suburban neighborhood and impose authoritarian rule over an unsuspecting family.",https://m.media-amazon.com/images/M/MV5BYmRlNWRkNGMtNDZkMi00Mjg3LWI1YTMtMTIxZTQ5N2NmOWE0XkEyXkFqcGc@._V1_.jpg,,2025,0,2025-10-31,false,0,0.0,0,co0997794,Walters Media Group,Horror
tt30017619,The Bad Guys 2,The Bad Guys 2,movie,"The Bad Guys are struggling to find trust and acceptance in their newly minted lives as Good Guys, when they are pulled out of retirement and forced to do ""one last job"" by an all-female squad of criminals.",https://m.media-amazon.com/images/M/MV5BZTAyZDA2MmEtYjFlMy00MDAxLWJlMDEtZGNiNGUyYTVmNGVlXkEyXkFqcGc@._V1_.jpg,PG,2025,0,2025-08-01,false,0,0.0,0,co0129164,DreamWorks Animation,Action
tt7193124,We Harvest,We Harvest,movie,"A young surgeon takes a job in corrupt Las Vegas. Facing personal tragedy, he's tempted by coworkers harvesting criminal organs, believing the cause righteous before realizing his moral compromise.",https://m.media-amazon.com/images/M/MV5BZDk0YmI4MTUtZDM3ZC00MGI4LTk5OTUtYjRmNzBiNmU4Zjk0XkEyXkFqcGc@._V1_.jpg,,2025,0,2025-10-03,false,90,0.0,0,co0633406,Divine Entertainment,Horror
tt31036941,Jurassic World: Rebirth,Jurassic World: Rebirth,movie,"Five years post-Jurassic World Dominion, an expedition braves isolated equatorial regions to extract DNA from three massive prehistoric creatures for a groundbreaking medical breakthrough.",https://m.media-amazon.com/images/M/MV5BYjlmODRkM2YtMDAxOS00ZTA5LTgyYWYtZWI2NjRjMzRkODU0XkEyXkFqcGc@._V1_.jpg,,2025,0,2025-07-02,false,0,0.0,0,co0009119,Amblin Entertainment,Action
tt26743210,How to Train Your Dragon,How to Train Your Dragon,movie,"As an ancient threat endangers both Vikings and dragons alike on the isle of Berk, the friendship between Hiccup, an inventive Viking, and Toothless, a Night Fury dragon, becomes the key to both species forging a new future together.",https://m.media-amazon.com/images/M/MV5BODA5Y2M0NjctNWQzMy00ODRhLWE0MzUtYmE1YTAzZjYyYmQyXkEyXkFqcGc@._V1_.jpg,PG,2025,0,2025-06-13,false,0,0.0,0,co0819670,Dreamworks Pictures,Action
tt2263648,What About Love,What About Love,movie,"Two young lovers change the lives of their parents forever when the parents learn from the joyful experience of their kids, and allow themselves to again find their love.",https://m.media-amazon.com/images/M/MV5BYzdhNTJlMDItMzhkYS00ZGQ1LWEyYmYtYjE2ZTQ5NzBhZTQwXkEyXkFqcGc@._V1_.jpg,,2013,0,2024-02-14,false,114,6.6,69,co0053614,Quality Films,Drama
tt23060698,Clown in a Cornfield,Clown in a Cornfield,movie,"A fading midwestern town in which Frendo the clown, a symbol of bygone success, reemerges as a terrifying scourge.",https://m.media-amazon.com/images/M/MV5BNGE1ZjY1Y2MtYWRhMS00Nzc5LWIyNjUtZmE4ZDNlM2EwMDM2XkEyXkFqcGc@._V1_.jpg,R,2025,0,2025-05-09,false,96,8.3,50,co0628817,Rhea Films (II),Comedy
tt1674782,Karate Kid: Legends,Karate Kid: Legends,movie,"Kung fu prodigy Li Fong is uprooted from his home in Beijing and forced to move to New York City. When a friend needs his help, Li enters a karate competition. Li's teacher Mr. Han enlists original Karate Kid Daniel LaRusso for help.",https://m.media-amazon.com/images/M/MV5BNTFmM2U2MzItMTMzOC00OWI2LWFlZjgtOGJhNTc5MzU5OTM2XkEyXkFqcGc@._V1_.jpg,,2025,0,2025-05-30,false,118,0.0,0,co0050868,Columbia Pictures,Action
tt27543632,The Housemaid,The Housemaid,movie,"Follows a struggling woman who is happy to start over as a housemaid for an affluent, elite couple.",,,2025,0,2025-12-25,false,0,0.0,0,co0409029,Feigco Entertainment,Thriller
tt15295176,Crystal,Crystal,movie,,https://m.media-amazon.com/images/M/MV5BNzVhNzM0NTctZDQwMS00NjYyLTkzMzYtMTM4YmFlOWM1ODc4XkEyXkFqcGc@._V1_.jpg,,2025,0,2025-12-30,false,90,0.0,0,co1057746,Masch Global Media,Horror
tt30851137,The Bride,The Bride,movie,"In 1930s Chicago, Frankenstein asks Dr. Euphronius to help create a companion. They give life to a murdered woman as the Bride, sparking romance, police interest, and radical social change.",,,2025,0,2025-09-26,false,0,0.0,0,co0002663,Warner Bros.,Drama
tt28996126,Nobody 2,Nobody 2,movie,"Suburban dad Hutch Mansell, a former lethal assassin, is pulled back into his violent past after thwarting a home invasion, setting off a chain of events that unravels secrets about his wife Becca's past and his own.",https://m.media-amazon.com/images/M/MV5BZjc5ZDMwYWEtM2UxZS00NTkxLTgxOTAtNGU2Yzg1OWUyYzcyXkEyXkFqcGc@._V1_.jpg,,2025,0,2025-08-15,false,0,0.0,0,co0743169,87North,Action
tt7068946,The Accountant 2,The Accountant 2,movie,Christian Wolff applies his brilliant mind and illegal methods to reconstruct the unsolved puzzle of a Treasury chief's murder.,https://m.media-amazon.com/images/M/MV5BNWYxN2Q3MzktZmYwOS00MWU3LTkyNGUtNGY4MGQ4OTMxZmM2XkEyXkFqcGc@._V1_.jpg,R,2025,0,2025-04-25,false,124,7.9,159,co0655304,51 Entertainment,Action
tt12704978,Audrey's Children,Audrey's Children,movie,"1969. Dr. Audrey Evans joins world-renowned children's hospital and battles sexism, medical conventions, and the subterfuge of her peers to develop revolutionary treatments and purchase the first Ronald McDonald House, impacting millions.",https://m.media-amazon.com/images/M/MV5BZDk5ZjUzMWItZWY3NC00NDY1LTllYTctNzU1YWE1ODRmNzBhXkEyXkFqcGc@._V1_.jpg,PG,2024,0,2025-03-28,false,110,8.7,65,co0987400,Emblem Entertainment,Biography
tt33088452,Regretting You,Regretting You,movie,"Centers on the strained relationship between young mother Morgan Grant and her teenage daughter Clara, exacerbated by Morgan's husband Chris's tragic death, forcing them to navigate life's challenges together.",,,2025,0,2025-10-24,false,0,0.0,0,co0002257,Constantin Film,Drama
tt20212786,The Shrouds,The Shrouds,movie,"Karsh, an innovative businessman and grieving widower, builds a device to connect with the dead inside a burial shroud.",https://m.media-amazon.com/images/M/MV5BMzczOGNlMjYtYzcxOC00MTgzLTk1NDEtZGYzMTFjZmMyZDIxXkEyXkFqcGc@._V1_.jpg,,2024,0,2025-04-25,false,119,5.8,733,co0315467,SBS Productions,Drama
tt18259538,Aang: The Last Airbender,Aang: The Last Airbender,movie,Upcoming animated film following Aang and his friends now as young adults several years after the events of the ending of Avatar: The Last Airbender,https://m.media-amazon.com/images/M/MV5BYTcxMmIzYWItZjRiYS00ODQ3LTk0ZjYtZTFjNTIzMGI4NWE4XkEyXkFqcGc@._V1_.jpg,,2026,0,2026-01-20,false,0,0.0,0,co0952762,Avatar Studios (II),Action
tt6857072,Bonhoeffer: Holy Traitor,Bonhoeffer: Holy Traitor,movie,"Dietrich Bonhoeffer was a German pastor, theologian, spy, anti-Nazi dissident, and key founding member of the Confessing Church. His writings on Christianity's role in the secular world have become widely influential.",https://m.media-amazon.com/images/M/MV5BOTBlYjNjYWUtMzNkOS00YzY0LWE5NzMtMTBmOWI4ZjJiNGU0XkEyXkFqcGc@._V1_.jpg,,2025,0,2025-04-04,false,132,0.0,0,co0084944,American Talent Management,Adventure
tt26581740,Weapons,Weapons,movie,"An interrelated, multistory horror epic about the disappearance of high school students in a small town.",,,2026,0,2026-01-16,false,0,0.0,0,co0378412,BoulderLight Pictures,Horror
tt30874432,The Watchers,The Watchers,movie,"Luna, a troubled teen is forced to navigate her dark past when a mysterious entity begins stalking her for it. Alone, she tries to balance uncovering the corruption within Elmwood and running from the evil chasing her.",https://m.media-amazon.com/images/M/MV5BZDgwNWNlODMtNmNlZC00Y2ZlLWJmZWMtNDU3YzIwOTNmY2MzXkEyXkFqcGc@._V1_.jpg,Not Rated,2025,0,2025-10-24,false,124,0.0,0,co1043102,ARC Productions,Horror
tt32362890,Beneath the Storm,Beneath the Storm,movie,"Amidst a catastrophic hurricane, a coastal town battles nature's wrath and an onslaught of sharks. Braving torrential rain, debris, and darkness, they unite to survive the deadly predators and make it through the storm.",,,2025,0,2025-08-01,false,0,0.0,0,co0770923,Hyperobject Industries,Thriller
tt30414742,Saw XI,Saw XI,movie,"The 11th installment of the ""Saw"" film series.",https://m.media-amazon.com/images/M/MV5BNjkwZDBiMDEtMzhlMi00NWMwLTg0NTktOGU0OWNjOWUwNGU4XkEyXkFqcGc@._V1_.jpg,,2025,0,2025-09-26,false,0,0.0,0,co0006881,Lionsgate,Horror
tt13782222,"Alexander and the Terrible, Horrible, No Good, Very Bad Road Trip","Alexander and the Terrible, Horrible, No Good, Very Bad Road Trip",movie,"This film follows a Mexican American family who have recently lost their connection to each other and their roots, as they embark on an epic road trip that immediately goes hilariously wrong.",https://m.media-amazon.com/images/M/MV5BOTY3NjM2YjItMTU3Ni00NDEyLTkwZWYtMjE4MTkwYjBhYmRmXkEyXkFqcGc@._V1_.jpg,PG,2025,0,2025-03-28,false,78,0.0,0,co0158853,21 Laps Entertainment,Comedy
tt14855340,'90s Babiez,'90s Babiez,movie,"Savannah has been overrun by the Russian mafia and their new drug. Detective Nixon tries to take down Vladimir Fisk no matter the cost. But Nixon's crusade collides with the ambitions of Monroe Livingston, who's clawing his way to the top.",,,2025,0,2025-05-17,false,140,0.0,0,co0909154,Sole-Nation Films,Crime
tt31227572,Predator: Badlands,Predator: Badlands,movie,Plot is under wraps.,,,2025,0,2025-11-07,false,0,0.0,0,co0781821,20th Century Studios,Horror
tt27165187,Flowervale Street,Flowervale Street,movie,A family in the 80s start to notice bizarre happenings in their neighborhood.,https://m.media-amazon.com/images/M/MV5BMWFkMzRkOTgtZTMwZC00YjRlLThhNjAtNzlhYjU1YzQ5YmZiXkEyXkFqcGc@._V1_.jpg,,2026,0,2026-03-13,false,0,0.0,0,co0021593,Bad Robot,Mystery
tt1757678,Avatar: Fire and Ash,Avatar: Fire and Ash,movie,Sequel of Avatar: The Way of Water (2022). The plot is unknown.,https://m.media-amazon.com/images/M/MV5BYjE0OWZmYWMtZjBhMi00YzM5LTkzOTctOTZhMTIwNDcxY2U0XkEyXkFqcGc@._V1_.jpg,,2025,0,2025-12-19,false,192,0.0,0,co0781821,20th Century Studios,Action
tt26927452,Hurry Up Tomorrow,Hurry Up Tomorrow,movie,"An insomniac musician encounters a mysterious stranger, leading to a journey that challenges everything he knows about himself.",https://m.media-amazon.com/images/M/MV5BZjI0MGI4ZGMtYTcxZS00YzU3LWExMDUtNDY4MDg3NzhkOTYxXkEyXkFqcGc@._V1_.jpg,,2025,0,2025-05-16,false,0,0.0,0,co0006881,Lionsgate,Thriller
tt18108824,The Friend,The Friend,movie,"Follows a story of love, friendship, grief and healing, about a writer who adopts a Great Dane that belonged to a late friend and mentor.",https://m.media-amazon.com/images/M/MV5BYTVhYjgxNDktNTYyYy00YjA3LTk0MDYtYTk2YzY4MzRmMmUwXkEyXkFqcGc@._V1_.jpg,R,2024,0,2025-03-28,false,120,6.1,175,co0691491,3dot productions,Drama
tt3566834,A Minecraft Movie,A Minecraft Movie,movie,"Four misfits are suddenly pulled through a mysterious portal into a bizarre, cubic wonderland that thrives on imagination. To get back home, they'll have to master this world while embarking on a quest with an unexpected, expert crafter.",https://m.media-amazon.com/images/M/MV5BYzFjMzNjOTktNDBlNy00YWZhLWExYTctZDcxNDA4OWVhOTJjXkEyXkFqcGc@._V1_.jpg,PG,2025,0,2025-04-04,false,101,6.7,41,co0002663,Warner Bros.,Action
tt16431330,A Nice Indian Boy,A Nice Indian Boy,movie,"When Naveen brings his fiancé Jay home to meet his traditional Indian family, they must contend with accepting his white-orphan-artist boyfriend and helping them plan the Indian wedding of their dreams.",https://m.media-amazon.com/images/M/MV5BZDhjMGNmNjYtNGZiNS00OGQzLWIzMjktMDM1YmYwZjY3MTVlXkEyXkFqcGc@._V1_.jpg,,2024,0,2025-04-04,false,96,7.2,149,co0390775,Levantine Films,Comedy
tt7181546,Ballerina,Ballerina,movie,An assassin trained in the traditions of the Ruska Roma organization sets out to seek revenge after her father's death.,https://m.media-amazon.com/images/M/MV5BOTVkZmMzNjItY2E0Ni00ZjFjLTliMmQtM2E4YjcxN2IzNDYyXkEyXkFqcGc@._V1_.jpg,,2025,0,2025-06-06,false,89,0.0,0,co0172670,Thunder Road Pictures,Action
tt9810236,Apophis 2029,Apophis 2029,movie,"On April 13, 2029, asteroid Apophis grazes Earth, passing below satellites and briefly disappearing from view before re-emerging.",https://m.media-amazon.com/images/M/MV5BNjA3NGE5MTctYjljZi00ZjkyLWI0ZWMtZjYzODRkZDc1NTVlXkEyXkFqcGc@._V1_.jpg,,2025,0,2025-12-30,false,96,0.0,0,co1057746,Masch Global Media,Drama
tt8679660,Words of War,Words of War,movie,"Journalist Anna Politkovskaya's brave crusade, fighting for an independent voice in Putin's Russia.",https://m.media-amazon.com/images/M/MV5BODUzNjI0ZGEtZDYzNS00ZmQxLWI1OWEtZjliNDZiOTJlOWU5XkEyXkFqcGc@._V1_.jpg,R,2025,0,2025-05-02,false,0,0.0,0,co0174578,Good Films Collective,Drama
tt15845656,Dr. A. P. J. Abdul Kalam,Dr. A. P. J. Abdul Kalam,movie,"The inspirational journey of the Legend, Missile Man and 11th People's President of India.",https://m.media-amazon.com/images/M/MV5BMDViZmM0ZTgtYmJlMi00YTg2LWJmMzktZjU0YzFmMTlmNDFmXkEyXkFqcGc@._V1_.jpg,,2025,0,2025-10-15,false,0,0.0,0,co0804302,Pink Jaguars Entertainment,Biography
tt33029955,One to One: John & Yoko,One to One: John & Yoko,movie,"Set in 1972 New York, this documentary explores John and Yoko's world amid a turbulent era. Centered on the One to One charity concert for special needs children, it features unseen archives, home movies, and restored footage.",https://m.media-amazon.com/images/M/MV5BOTg5M2M4YTUtNGVmMC00MmU5LThlYTktODRkYmI0NmFmMDA4XkEyXkFqcGc@._V1_.jpg,,2024,0,2025-04-11,false,100,6.8,71,co0833978,Mercury Studios,Biography
tt14107334,The Running Man,The Running Man,movie,The futuristic United States of 2025 when the world has become a dystopia.,,,2025,0,2025-11-07,false,0,0.0,0,co0801004,Complete Fiction,Action
tt27813235,The Surfer,The Surfer,movie,"A man returns to the idyllic beach of his childhood to surf with his son. When he is humiliated by a group of locals, the man is drawn into a conflict that keeps rising and pushes him to his breaking point.",https://m.media-amazon.com/images/M/MV5BMmNjNTZiNTEtMWQ1NC00YmQ4LWFhYjktMzZhOGM2MDhmMTAxXkEyXkFqcGc@._V1_.jpg,,2024,0,2025-05-02,false,103,6.6,606,co0332878,Tea Shop Productions,Thriller
tt11378946,Michael,Michael,movie,"The story of the famous musician Michael Jackson, known as the King of Pop.",https://m.media-amazon.com/images/M/MV5BZTU3ZDhjODUtODEwMy00OWRmLWIyZDUtNTc4NjNiOWU5MzNjXkEyXkFqcGc@._V1_.jpg,,2025,0,2025-10-03,false,0,0.0,0,co0209646,GK Films,Biography
tt8036976,Send Help,Send Help,movie,"Two colleagues become stranded on a deserted island, the only survivors of a plane crash. On the island, they must overcome past grievances and work together to survive, but ultimately, it's a battle of wills and wits to make it out alive.",,,2026,0,2026-01-30,false,0,0.0,0,co0719219,Raimi Productions,Horror
tt6604188,Tron: Ares,Tron: Ares,movie,"A highly sophisticated Program, Ares, is sent from the digital world into the real world on a dangerous mission.",https://m.media-amazon.com/images/M/MV5BMDFkMGI5MDgtZmI0NS00MDEzLWIyOTgtOWZjM2ZhYWViZWIzXkEyXkFqcGc@._V1_.jpg,,2025,0,2025-10-10,false,0,0.0,0,co0008970,Walt Disney Pictures,Action
tt31314296,The Woman in the Yard,The Woman in the Yard,movie,"A mysterious woman who repeatedly appears in a family's front yard, often delivering chilling warnings or unsettling messages, leaving the residents to question her identity, motives, and the potential danger she might pose.",https://m.media-amazon.com/images/M/MV5BNmZjZTA2ZmQtMDhiYS00NTlmLTk2NTctNTZlMzVhZmVjYTYyXkEyXkFqcGc@._V1_.jpg,PG-13,2025,0,2025-03-28,false,88,0.0,0,co0098315,Blumhouse Productions,Drama
tt10844184,Detour 95,Detour 95,movie,"Candace leaves northern New Jersey for Miami, Florida, to escape the violence and poverty; she quickly finds herself fighting for her life in a redneck nightmare.",https://m.media-amazon.com/images/M/MV5BYzQ1YTQyM2MtNjZiZC00NjdmLTkwMWYtZTk0NDAxOGIwZmVjXkEyXkFqcGc@._V1_.jpg,,2025,0,2025-10-24,false,0,0.0,0,co0760520,Angry Troll Studio,Action
tt27674982,The Ballad of Wallis Island,The Ballad of Wallis Island,movie,"Charles, a strange lottery winner who lives alone on a secluded island, tries to make his fantasies come true by getting his favorite singer, Herb McGwyer, to perform at a special, private event.",https://m.media-amazon.com/images/M/MV5BODZlMjExYTAtYmJjNi00NzdjLTg3YzMtYTE1YTNlZDRhMWU2XkEyXkFqcGc@._V1_.jpg,PG-13,2025,0,2025-05-30,false,100,8.1,105,co0592426,BBC Studios,Comedy
tt31434639,Warfare,Warfare,movie,Based on ex-Navy Seal Ray Mendoza's real-life experiences during the Iraq War.,https://m.media-amazon.com/images/M/MV5BNjk5MDhlZDctODBhNS00NzFjLTlhZGMtZmEyOTY5ZjYwZTAzXkEyXkFqcGc@._V1_.jpg,R,2025,0,2025-04-11,false,95,0.0,0,co0390816,A24,Action
tt7890826,Naya Legend of the Golden Dolphin,Naya Legend of the Golden Dolphin,movie,This is an action film following the adventures of Naya The Golden Dolphin Princess and her mission to save the Earth.,https://m.media-amazon.com/images/M/MV5BZTU2Mjc5YzMtZjk2ZC00MTkwLWEwYzItMzA0MWMxZWRkOTY3XkEyXkFqcGc@._V1_.jpg,,2025,0,2025-06-28,false,100,0.0,0,co0159895,Magic Factory Productions,Action
tt26677014,The Penguin Lessons,The Penguin Lessons,movie,"Starring Oscar nominee Steve Coogan, this poignant dramedy from director Peter Cattaneo follows an Englishman's personal and political awakening after he adopts a penguin during a cataclysmic period in Argentine history.",https://m.media-amazon.com/images/M/MV5BYjk3ZmYzNzEtZjBhYi00MzhhLWJlNTYtNTFlNDY2ZGIxYTdiXkEyXkFqcGc@._V1_.jpg,PG-13,2024,0,2025-03-28,false,110,7.2,224,co0066402,42,Drama
tt31350873,Return of the Living Dead,Return of the Living Dead,movie,"Taking place 18 months after the events at the UNEEDA Warehouse in Louisville, KY, a new Trioxin 2-4-5 leak puts a small Pennsylvania town on the brink of a zombie outbreak during Christmas 1985.",https://m.media-amazon.com/images/M/MV5BMTkyNjNjZWQtYWFhMi00NTczLTk1NDgtZGJhMjkwMGQ0MjU5XkEyXkFqcGc@._V1_.jpg,,2025,0,2025-12-25,false,0,0.0,0,co0379397,WithAnO Productions,Comedy
tt30835450,Mogwai: If the Stars Had a Sound,Mogwai: If the Stars Had a Sound,movie,"25 years of the cult Scottish band Mogwai. When a pioneering band stays true to their roots and follows their own path, the outcome is 'bigger than words and wider than pictures'.",https://m.media-amazon.com/images/M/MV5BYjM0ZDgyMzEtMWFlNi00ZGQ2LTkwNjEtZTI3OWRkYjZmYWVhXkEyXkFqcGc@._V1_.jpg,,2024,0,2024-03-12,false,92,7.8,55,co0451615,Adler Entertainment,Documentary
tt26443616,Hoppers,Hoppers,movie,An animal lover uses technology that places her consciousness into a robotic beaver to uncover mysteries within the animal world beyond her imagination.,https://m.media-amazon.com/images/M/MV5BNWJiYWNlMzItMDAzNC00ZjAxLTg1Y2EtNjMwYWQzOTIwZDRhXkEyXkFqcGc@._V1_.jpg,,2026,0,2026-03-06,false,0,0.0,0,co0017902,Pixar Animation Studios,Adventure
tt7891844,The Grove,The Grove,movie,"When Terrance, a Black Ops soldier, goes under an experiment to create a better life for him and his fiancée Alice, his homecoming turns tragic when he stops taking medication, descending into feral madness.",https://m.media-amazon.com/images/M/MV5BMWI1ZDVmZWItNWUwMC00ZTJlLTk5MTItN2VhOTI5NjBmN2Y2XkEyXkFqcGc@._V1_.jpg,,2025,0,2025-04-04,false,109,0.0,0,co1057370,Believe In Us Studios,Horror
tt32159989,After the Hunt,After the Hunt,movie,A college professor finds herself at a personal and professional crossroads when a star pupil levels an accusation against one of her colleagues and a dark secret from her own past threatens to come to light.,,,2025,0,2025-10-17,false,0,0.0,0,co0203259,Big Indie Pictures,Crime
tt32246771,Bring Her Back,Bring Her Back,movie,A brother and sister uncover a terrifying ritual at the secluded home of their new foster mother.,https://m.media-amazon.com/images/M/MV5BZmRiNzFjMTEtZDlmYy00ZTU5LTg3ZWYtN2NmYTQxYTY5YmJmXkEyXkFqcGc@._V1_.jpg,,2025,0,2025-05-30,false,0,0.0,0,co0375200,Causeway Films,Horror
tt30908405,The Last Rodeo,The Last Rodeo,movie,"To save his grandson, a retired rodeo star enters a high-stakes bull-riding competition. Along the way, he confronts his past, discovers faith, and proves that true courage lies in family.",https://m.media-amazon.com/images/M/MV5BYTI4NjcwODMtZGVhMi00ODhhLWIwODItZTQ4MmY0ZmU5OTliXkEyXkFqcGc@._V1_.jpg,PG,2025,0,2025-05-23,false,0,0.0,0,co0145927,Angel Studios,Drama
tt12042730,Project Hail Mary,Project Hail Mary,movie,An astronaut tries to save Earth while alone in outer space.,,,2026,0,2026-03-20,false,0,0.0,0,co1025982,Amazon MGM Studios,Sci-Fi
tt9603208,Mission: Impossible - The Final Reckoning,Mission: Impossible - The Final Reckoning,movie,,https://m.media-amazon.com/images/M/MV5BZGQ5NGEyYTItMjNiMi00Y2EwLTkzOWItMjc5YjJiMjMyNTI0XkEyXkFqcGc@._V1_.jpg,,2025,0,2025-05-23,false,0,0.0,0,co0023400,Paramount Pictures,Action
tt17042980,Untitled Trey Parker / Matt Stone / Kendrick Lamar / Dave Free,Untitled Trey Parker / Matt Stone / Kendrick Lamar / Dave Free,movie,A young Black man who is interning as a slave reenactor at a living history museum discovers that his white girlfriend's ancestors once owned his.,,,2025,0,2025-07-04,false,0,0.0,0,co0873616,Park County,Action
tt21879688,A Guardian's Heart,A Guardian's Heart,movie,"Jake, an executive protection agent, faces an emotional upheaval after losing a long-time client, which drives him back to his family ranch. As he struggles with grief and self-doubt, can he overcome his past when faced with the unknown?",https://m.media-amazon.com/images/M/MV5BNTE2MWIxZWEtNzYwMS00MTBlLWFkYWUtNDdjNjM2YmNhOTg5XkEyXkFqcGc@._V1_.jpg,,2025,0,2025-05-15,false,0,0.0,0,co1101023,Tactical Edge Entertainment,Action
tt30840798,The Phoenician Scheme,The Phoenician Scheme,movie,Dark tale of espionage following a strained father-daughter relationship within a family business. Twists revolve around betrayal and morally gray choices.,https://m.media-amazon.com/images/M/MV5BZmExODA1MGYtNGI3MS00ZWJhLWFhYjMtY2M4YjVhYjU5Yzg3XkEyXkFqcGc@._V1_.jpg,,2025,0,2025-06-06,false,0,0.0,0,co0108325,American Empirical Pictures,Action
tt33092501,My Love Will Make You Disappear,My Love Will Make You Disappear,movie,"A woman who believes she's cursed meets a troubled landlord while fighting community displacement. As they grow closer, her fear that all her lovers disappear threatens their connection.",https://m.media-amazon.com/images/M/MV5BYzdmYjc3ZGEtYTE1OS00ZjVlLWE5MzYtMTAzNzc5MWI5ZmY3XkEyXkFqcGc@._V1_.jpg,,2025,0,2025-03-28,false,104,0.0,0,co0050691,Star Cinema,Comedy
tt0899043,The Amateur,The Amateur,movie,A CIA cryptographer manages to blackmail his agency into training him to let him go after a group of terrorist who killed his wife.,https://m.media-amazon.com/images/M/MV5BOWU4NjNjNzYtYWFhYy00MTA2LWIwNzctNmQwY2VlMzQ3MTZmXkEyXkFqcGc@._V1_.jpg,PG-13,2025,0,2025-04-11,false,0,0.0,0,co0781821,20th Century Studios,Action
tt31184028,Together,Together,movie,"A couple's move to the countryside triggers a supernatural incident that drastically alters their relationship, existence, and physical form.",https://m.media-amazon.com/images/M/MV5BY2JkYTUxMzMtOGJlNi00ZTcxLTgyZWYtY2UzOGE0MWE3YTU1XkEyXkFqcGc@._V1_.jpg,,2025,0,2025-08-01,false,102,7.5,127,co1037923,1.21,Horror
tt30833959,Cheech and Chong's Last Movie,Cheech and Chong's Last Movie,movie,"Exploring their 5-decade career performing stand-up, making records, and starring in hit films. It covers their lives, comedy partnership, and lasting influence on pop culture.",https://m.media-amazon.com/images/M/MV5BN2M4MTRmZDgtYjkyNS00NTAzLTgxOTEtNjkzZDQ0ZWFiODE3XkEyXkFqcGc@._V1_.jpg,R,2024,0,2025-04-25,false,123,8.1,37,co1044661,Bushell Productions,Documentary
tt7967302,The King of Kings,The King of Kings,movie,The story of our Lord Jesus Christ as told by Charles Dickens and seen through the innocent eyes of a child.,https://m.media-amazon.com/images/M/MV5BZDhkZDE5NmUtZDI1Ny00MDQxLWFjMzEtMWM4YTFmNTIyMTJjXkEyXkFqcGc@._V1_.jpg,PG,2025,0,2025-04-11,false,100,0.0,0,co1028767,Blue Harbor Entertainment,Animation
tt11584012,Open Secret,Open Secret,movie,This riveting documentary investigates allegations of systemic racism and child sexual abuse in the New Hanover School District.,https://m.media-amazon.com/images/M/MV5BOGJjOGMyYzEtMDJhZi00MjBjLWI1N2ItOTYyNWUyMTE0ODc3XkEyXkFqcGc@._V1_.jpg,,2025,0,2025-04-30,false,0,0.0,0,co0670019,KDC & Films,Documentary
tt5853716,Lilly,Lilly,movie,"An emotional drama about a courageous factory worker who fights for justice when cheated and mistreated by her company. LILLY stars Golden Globe winner / Academy Award nominee, Patricia Clarkson. Based on the life of Lilly Ledbetter.",https://m.media-amazon.com/images/M/MV5BZjE1NGUyOTYtMjdjNi00MTEyLTk5ZWMtOWQ5ZGQ0N2Q5OTQ1XkEyXkFqcGc@._V1_.jpg,,2024,0,2025-05-09,false,93,8.3,27,co0451514,Flashlight Films,Drama
tt11487742,The Evil Within,The Evil Within,movie,Plot is currently under wraps.,,,2025,0,2025-10-31,false,0,0.0,0,co0777835,Himura Creative,Horror
tt16085546,Lost Weekend,Lost Weekend,movie,"His marriage and band falling apart, John Lennon recruits comedian Albert Brooks and musician Harry Nilsson for a raucous 24-hour journey through 1973 Los Angeles to try to save a lost album and himself.",https://m.media-amazon.com/images/M/MV5BNzRhMjJhYzYtMWNjZS00ZTE5LWEwMmYtMmYxNWFjYTNhZDQ3XkEyXkFqcGc@._V1_.jpg,,2025,0,2025-06-25,false,0,0.0,0,co0233928,Eurogroup,Comedy
tt30144839,Untitled Paul Thomas Anderson Event Film,One Battle After Another,movie,,https://m.media-amazon.com/images/M/MV5BMjdiYzc3MzctZTQ0YS00YzNlLThmY2QtM2YxZmIyMzcwNDM0XkEyXkFqcGc@._V1_.jpg,,2025,0,2025-08-08,false,0,0.0,0,co0027686,Ghoulardi Film Company,Crime
tt15678738,David,David,movie,"Beyond the giant's shadow, the shepherd boy embarks on a journey to show his people that true power lies not in kingship, but in faith and freedom.",https://m.media-amazon.com/images/M/MV5BN2I3MmMwY2QtZDZkYi00ZDMzLTg5ZjMtNWFkYWNkNDdkZjU1XkEyXkFqcGc@._V1_.jpg,,2025,0,2025-11-21,false,90,0.0,0,co0222310,Slingshot Productions,Animation
tt21815562,The Alto Knights,The Alto Knights,movie,"Vito Genovese and Frank Costello, a pair of Italian Americans who were rivals for control of a major crime family in the mid-20th century. Genovese attempted to assassinate Costello in 1957, although Costello retired from the mob.",https://m.media-amazon.com/images/M/MV5BNTdlY2ZmNmItMjNjMC00YzVkLWEzZDAtYzBiODJkZDRjYWVhXkEyXkFqcGc@._V1_.jpg,R,2025,0,2025-03-21,false,120,7.7,18,co0002663,Warner Bros.,Biography
tt33244668,Anaconda,Anaconda,movie,A group of friends going through mid-life crises. They decide to remake a favorite movie from their youth but encounter unexpected events when they enter the jungle.,,,2025,0,2025-12-25,false,0,0.0,0,co0050868,Columbia Pictures,Action
tt17676734,Americana,Americana,movie,The lives of local outsiders and outcasts violently intertwine when a rare Lakota Ghost shirt falls onto the black market in a small South Dakota town.,https://m.media-amazon.com/images/M/MV5BYmVmYzRkYjEtMjMyMi00MjJhLTk4YmEtNDI1OGIyNzRiMDkxXkEyXkFqcGc@._V1_.jpg,R,2023,0,2023-03-17,false,110,6.2,191,co0309252,BRON Studios,Action
tt32897959,Wuthering Heights,Wuthering Heights,movie,"A passionate and tumultuous love story set against the backdrop of the Yorkshire moors, exploring the intense and destructive relationship between Heathcliff and Catherine Earnshaw.",https://m.media-amazon.com/images/M/MV5BMzJiODEzY2UtNzNkMy00MTRlLWEzZTYtZDI4ZTg0ZWI4ZTkwXkEyXkFqcGc@._V1_.jpg,,2026,0,2026-02-13,false,0,0.0,0,co0542434,LuckyChap,Drama
tt28371961,Killer Clown Girls,Killer Clown Girls,movie,"Six women who meet in a support group one night, decide to band together to mete out justice against those who have abused and assaulted women.",https://m.media-amazon.com/images/M/MV5BYWY2ZDZhOTktY2I5ZC00Nzc4LTgzNDUtMjA5ZjNlZmI4MDQ3XkEyXkFqcGc@._V1_.jpg,,2025,0,2025-12-30,false,90,0.0,0,co1057746,Masch Global Media,Horror
tt12300742,Bugonia,Bugonia,movie,"Two conspiracy-obsessed young men kidnap the high-powered CEO of a major company, convinced that she is an alien intent on destroying planet Earth.",,,2025,0,2025-11-07,false,0,0.0,0,co1019997,CJ ENM,Comedy
tt11655566,Lilo & Stitch,Lilo & Stitch,movie,Live-action remake of Disney's animated classic 'Lilo and Stitch'.,https://m.media-amazon.com/images/M/MV5BYTBmMDBhNWYtNTk4MS00NzBmLTk5ZWItM2ZlZjY4NTYxNWQzXkEyXkFqcGc@._V1_.jpg,,2025,0,2025-05-23,false,108,0.0,0,co0008970,Walt Disney Pictures,Action
tt4292334,Experiment 77,Experiment 77,movie,A doctor running a Women's Behavioral Center struggles to keep her patients stable when one of her colleagues is found dead and her own mental well-being begins to deteriorate.,https://m.media-amazon.com/images/M/MV5BOTRiNzE2NTUtOWJhMC00ZmNmLWFhOTAtNDkzMGY1MDEyZDhhXkEyXkFqcGc@._V1_.jpg,,2025,0,2025-08-01,false,0,0.0,0,co0433584,Apple Road Films,Thriller
tt9619824,Final Destination: Bloodlines,Final Destination: Bloodlines,movie,"Plagued by a recurring violent nightmare, a college student returns home to find the one person who can break the cycle and save her family from the horrific fate that inevitably awaits them.",https://m.media-amazon.com/images/M/MV5BMDU5MTU2ODctMTBhOC00YTljLWE5MGYtNjI5YzZkNDY1ZjI0XkEyXkFqcGc@._V1_.jpg,,2025,0,2025-05-16,false,100,0.0,0,co1055145,Inzide Media,Horror
tt16911616,Animal Friends,Animal Friends,movie,Two animals become unlikely friends.,,,2025,0,2025-10-10,false,0,0.0,0,co0002663,Warner Bros.,Action
tt32020960,Nightmare,Nightmare,movie,,https://m.media-amazon.com/images/M/MV5BNzVhYmNiM2UtOGNlZS00NzVjLTkwNDctOThlMzM3NWQ5M2UxXkEyXkFqcGc@._V1_.jpg,,2025,0,2025-12-30,false,90,0.0,0,co1057746,Masch Global Media,Drama
tt27613895,GOAT,GOAT,movie,,https://m.media-amazon.com/images/M/MV5BYTYzYmY2NGYtMDFkMC00YmNlLWE0YWUtYjUzODczOWEwOTI0XkEyXkFqcGc@._V1_.jpg,,2026,0,2026-02-13,false,0,0.0,0,co0999341,Modern Magic,Adventure
tt19637220,Skill House,Skill House,movie,"A dark satire of social media and influencer culture, unflinching take on fame and what new celebrities are willing to do to attain it.",https://m.media-amazon.com/images/M/MV5BNWE4MWM5YTktMjZmZC00Mjg0LTliYjAtYmI5ZTM0Y2QzZDYwXkEyXkFqcGc@._V1_.jpg,,2025,0,2025-04-25,false,0,5.1,21,co0600517,G-Unit Film & Television,Horror
tt32565993,Three Bags Full: A Sheep Detective Movie,Three Bags Full: A Sheep Detective Movie,movie,"Every night a shepherd reads aloud a murder mystery, pretending his sheep can understand. When he is found dead, the sheep realize at once that it was a murder and think they know everything about how to go about solving it.",,,2026,0,2026-02-20,false,0,0.0,0,co1025982,Amazon MGM Studios,Action
tt26671996,Locked,Locked,movie,A thief breaking into a luxury SUV realizes that he has slipped into a sophisticated game of psychological horror.,https://m.media-amazon.com/images/M/MV5BZjg2NDFhZDEtYzZlZC00ZTRkLTg4NDctYjIwNTQxYWY4ODFiXkEyXkFqcGc@._V1_.jpg,R,2025,0,2025-03-21,false,95,0.0,0,co0474730,BondIt Media Capital,Horror
tt10548174,28 Years Later,28 Years Later,movie,"A group of survivors of the rage virus lives on a small island. When one of the group leaves the island on a mission into the mainland, he discovers secrets, wonders, and horrors that have mutated not only the infected but other survivors.",https://m.media-amazon.com/images/M/MV5BNjgwYTI0YjctMWYzNS00MmI1LWI5YTctNmE1YjBkNDFlNWMxXkEyXkFqcGc@._V1_.jpg,,2025,0,2025-06-20,false,0,0.0,0,co0050868,Columbia Pictures,Horror
tt9810278,"The King, The Swordsman, and the Sorceress","The King, The Swordsman, and the Sorceress",movie,,https://m.media-amazon.com/images/M/MV5BZWI2YzQzZjYtZTVhOS00ODdmLTg1MzgtYTAxYWFkMjQ3Y2E0XkEyXkFqcGc@._V1_.jpg,,2025,0,2025-12-30,false,90,0.0,0,co0373195,WJD films,Drama
tt34536268,Indecipherable,Indecipherable,movie,"A boy finds himself alone, trapped inside his house at night as the world outside vanishes into darkness. Consumed by thoughts, he confronts the unsettling notion that an unknown entity may be present, intending harm.",https://m.media-amazon.com/images/M/MV5BOWQ3MzliY2MtMTE3Zi00ZDA1LTg1YTYtZmYwOTc0ZWIxYzM1XkEyXkFqcGc@._V1_.jpg,,2025,0,2025-11-15,false,81,0.0,0,co1096243,CHC Picture Company,Horror
tt3842436,P31,P31,movie,A modern adventure and musical adaptation on the book of Proverbs with focus on Proverbs 31 from the Holy scriptures. Bless is an American married woman living in London who desires to change present society through traditional standards.,https://m.media-amazon.com/images/M/MV5BOWFjMGYzYzEtOTI4Yi00MWI4LWI4NmUtYWFlNzExYWVmYjYwXkEyXkFqcGc@._V1_.jpg,,2025,0,2025-05-09,false,0,0.0,0,co0340361,Carl Jackson Entertainment,Adventure
tt31050594,Mercy,Mercy,movie,A detective is accused of a crime and is forced to prove his innocence.,,R,2026,0,2026-01-23,false,0,0.0,0,co1025982,Amazon MGM Studios,Sci-Fi
tt5950044,Superman,Superman,movie,"Follows the titular superhero as he reconciles his heritage with his human upbringing. He is the embodiment of truth, justice and the human way in a world that views this as old-fashioned.",https://m.media-amazon.com/images/M/MV5BZjFhZmU5NzUtZTg4Zi00ZjRjLWI0YmQtODk2MzI4YjNhYTdkXkEyXkFqcGc@._V1_.jpg,,2025,0,2025-07-11,false,0,0.0,0,co1064049,DC Studios,Action
tt8866456,The Legend of Ochi,The Legend of Ochi,movie,"In a remote village on the island of Carpathia, a shy farm girl named Yuri is raised to fear an elusive animal species known as ochi. When Yuri discovers a wounded baby ochi has been left behind, she escapes on a quest to bring him home.",https://m.media-amazon.com/images/M/MV5BN2U1NTk2MmYtYWNlYi00NzdjLTg5YTEtNTY5MjYwYzM4OTk0XkEyXkFqcGc@._V1_.jpg,PG,2025,0,2025-04-25,false,96,7.9,116,co0395263,Neighborhood Watch,Adventure
tt30505698,Friendship,Friendship,movie,"When new neighbor Brian threatens his quiet life, Craig Waterman struggles to protect his family's security.",https://m.media-amazon.com/images/M/MV5BMzljN2M1MWMtYmUwMi00YWM5LTllMGItNzZlMmU1NWM2NTY5XkEyXkFqcGc@._V1_.jpg,R,2024,0,2024-09-08,false,100,7.5,209,co0378412,BoulderLight Pictures,Comedy
tt32331377,The Luckiest Man in America,The Luckiest Man in America,movie,May 1984. An unemployed ice cream truck driver steps onto the game show Press Your Luck harboring a secret: the key to endless money. But his winning streak is threatened when the bewildered executives uncover his real motivations.,https://m.media-amazon.com/images/M/MV5BODgzYWNiNzUtMWJlZi00NTRiLTg4ZWEtMzhiMmNhY2MyNDUyXkEyXkFqcGc@._V1_.jpg,R,2024,0,2025-04-04,false,90,6.9,89,co0865522,Plenty Good,Thriller
tt32857901,Wish You Were Here!,Wish You Were Here!,movie,A man's life is told through 3 parallel time lines that alter his perception of science and religion to turn his whole world upside down.,https://m.media-amazon.com/images/M/MV5BMDI3NmQ5NDUtMTdkNS00YWRiLTg2ZDQtYzViYTk2NDg2OTU1XkEyXkFqcGc@._V1_.jpg,,2025,0,2025-04-05,false,0,0.0,0,co0868195,Durgana Sports & Entertainment,Drama
tt27047903,Scream 7,Scream 7,movie,Plot unknown.,https://m.media-amazon.com/images/M/MV5BMGM0MGUzNDgtZGMxZC00OWJlLTk0NTYtNzA5NzVhYTFmMmQ2XkEyXkFqcGc@._V1_.jpg,,2026,0,2026-02-27,false,0,0.0,0,co0048032,Outerbanks Entertainment,Horror
tt13650700,A Big Bold Beautiful Journey,A Big Bold Beautiful Journey,movie,An imaginative tale of two strangers and the unbelievable journey that connects them.,https://m.media-amazon.com/images/M/MV5BYWI5MjM2MDQtMDI1YS00NWY2LTgzYTQtN2Y3MDc2MDBhZmIxXkEyXkFqcGc@._V1_.jpg,,2025,0,2025-05-09,false,0,0.0,0,co0661865,30WEST,Adventure
tt15042300,On Swift Horses,On Swift Horses,movie,"Muriel and her husband Lee are about to begin a bright new life, which is upended by the arrival of Lee's brother. Muriel embarks on a secret life, gambling on racehorses and discovering a love she never thought possible.",https://m.media-amazon.com/images/M/MV5BYjllNTg0MjItNzAyMy00M2YyLThlOWQtYjEyYWFiYjRlM2VkXkEyXkFqcGc@._V1_.jpg,R,2024,0,2025-04-25,false,117,6.0,173,co0733690,Cor Cordium,Drama
tt3402138,The Naked Gun,The Naked Gun,movie,"Based off the widely popular comedy franchise The Naked Gun and television series ""Police Squad!"" by Jim Abrahams and David Zucker and Jerry Zucker.",,,2025,0,2025-08-01,false,85,0.0,0,co0065872,Fuzzy Door Productions,Action
tt33060407,Marcella,Marcella,movie,Marcella Hazan changed how we cook and eat Italian. Millions love her recipes -- now hear her amazing story.,https://m.media-amazon.com/images/M/MV5BZDgzMWQ4YjYtNTYwZS00MjRlLThhYzMtMDM5OWY2NjI4YjVkXkEyXkFqcGc@._V1_.jpg,,2024,0,2024-11-10,false,97,9.5,12,co0729005,Oak Street Pictures,Biography
tt1493274,Caught Stealing,Caught Stealing,movie,"Burned-out ex-baseball player Hank Thompson unexpectedly finds himself embroiled in a dangerous struggle for survival amidst the criminal underbelly of 1990s New York City, forced to navigate a treacherous underworld he never imagined.",https://m.media-amazon.com/images/M/MV5BYjk4YTdmODktZjI5Ny00MDA0LTg3MDAtYzEzMjBjZmVmMjU5XkEyXkFqcGc@._V1_.jpg,,2025,0,2025-08-29,false,0,0.0,0,co0062935,Protozoa Pictures,Crime
tt30609082,The Crypto: Beyond,The Crypto: Beyond,movie,"After The Crypto meets his long lost brother, Jameson finds out his brother is trying to use ultimate power to do something evil. Jameson will go on a huge adventure to find out how to stop his brother. He will have help by a few heroes.",https://m.media-amazon.com/images/M/MV5BNDcxYWYyMzAtMjRjYi00NGMzLWE4NDQtOWExNzk4MjhiNzE2XkEyXkFqcGc@._V1_.jpg,13+,2025,0,2025-05-16,false,0,0.0,0,co0997547,Filmbilow Pictures,Action
tt6208148,Snow White,Snow White,movie,Live-action adaptation of the 1937 Disney animated film 'Snow White and the Seven Dwarfs'.,https://m.media-amazon.com/images/M/MV5BY2RlZDc3ZjYtYWJlNC00MzFiLTlmMGItYmUzYjY3Mjc1Yzc2XkEyXkFqcGc@._V1_.jpg,PG,2025,0,2025-03-21,false,109,0.0,0,co0093810,Marc Platt Productions,Adventure
tt4712810,Now You See Me 3,Now You See Me 3,movie,A third installment of the 'Now You See Me' franchise. Plot undisclosed.,,,2025,0,2025-11-14,false,0,0.0,0,co0006881,Lionsgate,Crime
tt21221514,Eric LaRue,Eric LaRue,movie,"It tells the story of Janice, the mother of a teenager who shot and killed three of his classmates.",https://m.media-amazon.com/images/M/MV5BYjQ4Y2EyMzMtZTg2My00MzNhLTg2MWUtOTJmZWFjMjRiMWM4XkEyXkFqcGc@._V1_.jpg,,2023,0,2023-06-10,false,119,6.6,64,co0763573,CaliWood Pictures,Drama
tt30766582,Screamboat,ScreamBoat,movie,A late-night boat ride turns into a desperate fight for survival in New York City when a mischievous mouse becomes a monstrous reality. Can a motley crew survive a killer creature with a taste for tourists?,https://m.media-amazon.com/images/M/MV5BOTViYWVkNGEtYTYxYy00M2U5LWJkMzYtYmMzYzFlODU1NTYyXkEyXkFqcGc@._V1_.jpg,,2025,0,2025-04-10,false,101,0.0,0,co0386358,Fuzz on the Lens Productions,Comedy
tt28662887,Wake Up,Wake Up,movie,"In an attempt to draw attention to the environmental crisis, young activists decide to invade and vandalize a furniture store. The protest quickly turns into a massacre when they find themselves trapped with a hunting-obsessed night guard.",https://m.media-amazon.com/images/M/MV5BMGIyNmY3YTYtZWRjMy00ZjE2LWJlM2EtYWI1NjIwMGViNThkXkEyXkFqcGc@._V1_.jpg,,2023,0,2024-05-08,false,83,5.5,1092,co0465777,Borsalino Productions,Action
tt10928904,The Legend of Johnny Jones,The Legend of Johnny Jones,movie,Set in the housing projects of New Jersey. A young man who has known only poverty and abuse all his life suffers a mental breakdown and embarks on a killing spree unlike any other in history.,https://m.media-amazon.com/images/M/MV5BNzYzNzcxZWQtNmQ2Ni00MzQ4LTliMTQtNDg4ODFhMDM5NTJiXkEyXkFqcGc@._V1_.jpg,,2025,0,2025-10-03,false,91,0.0,0,co0760520,Angry Troll Studio,Action
tt32141377,28 Years Later: The Bone Temple,28 Years Later: The Bone Temple,movie,,,,2026,0,2026-01-16,false,0,0.0,0,co0050868,Columbia Pictures,Horror
tt4627382,Roofman,Roofman,movie,"The story of the rooftop robber, Jeffrey Manchester, and his time on the lam evading capture.",,,2025,0,2025-10-03,false,0,0.0,0,co0144109,Hunting Lane Films,Crime
tt32214413,The Wedding Banquet,The Wedding Banquet,movie,"A gay man makes a deal with his lesbian friend: a green-card marriage for him, in exchange for in vitro fertilization treatments for her. Plans evolve as Min's grandmother surprises them with a Korean wedding banquet.",https://m.media-amazon.com/images/M/MV5BOTAxZjI4ZTEtODc2Ny00ZjVlLTkzNTYtYjM1ZmNjY2EwNTQ3XkEyXkFqcGc@._V1_.jpg,R,2025,0,2025-04-18,false,102,4.4,252,co0057429,Bleecker Street Media,Comedy
tt30096221,Ella McCay,Ella McCay,movie,"The film will follow an idealistic young politician who juggles familial issues and a challenging work life while preparing to take over the job of her mentor, the state's longtime incumbent governor.",,,2025,0,2025-09-18,false,0,0.0,0,co0781821,20th Century Studios,Comedy
tt4519000,Jessica Frost,Jessica Frost,movie,"A young woman searching for the truth about why a time-traveling psychopath is after her, is thrown into a turbulent journey through the desert, time, space and her family's past.",https://m.media-amazon.com/images/M/MV5BZThmMDMxZTAtZTllNy00N2QzLTkzMzQtNDk2YTRkNzYyM2Y4XkEyXkFqcGc@._V1_.jpg,18+,2025,0,2025-09-04,false,0,0.0,0,co1107527,Castellani Pictures,Action
tt19847976,Wicked: For Good,Wicked: For Good,movie,"Follows Elphaba, the future Wicked Witch of the West and her relationship with Glinda, the Good Witch of the North. The second of a two-part feature film adaptation of the Broadway musical.",https://m.media-amazon.com/images/M/MV5BOWZmNWJiM2QtODA2Mi00NzEyLThkN2UtMmQ1MTE2Y2MzNzBlXkEyXkFqcGc@._V1_.jpg,,2025,0,2025-11-21,false,0,0.0,0,co0093810,Marc Platt Productions,Family
tt30955489,Until Dawn,Until Dawn,movie,"A group of friends trapped in a time loop, where mysterious foes are chasing and killing them in gruesome ways, must survive until dawn to escape it.",https://m.media-amazon.com/images/M/MV5BZWU4NDY0ODktOGI3OC00NWE1LWIwYmQtNmJiZWU3NmZlMDhkXkEyXkFqcGc@._V1_.jpg,R,2025,0,2025-04-25,false,0,0.0,0,co1016182,Coin Operated,Drama
tt33235979,Light of the World,Light of the World,movie,"Follows Jesus' life from ministry beginnings through crucifixion, resurrection, as seen through Apostle John's eyes.",https://m.media-amazon.com/images/M/MV5BYjkyMDNjNTYtODdmMy00NTkzLWIzYTgtNWE0YjBhZGVhZmQyXkEyXkFqcGc@._V1_.jpg,TV-PG,2025,0,2025-09-05,false,84,0.0,0,co1080498,The Salvation Poem Project,Animation
tt32149847,Drop,Drop,movie,"A widowed mother's first date in years takes a terrifying turn when she's bombarded with anonymous threatening messages on her phone during their upscale dinner, leaving her questioning if her charming date is behind the harassment.",https://m.media-amazon.com/images/M/MV5BYzM0ZjlmMjgtMDU2OC00ZDMwLTk5Y2UtNjVkMzViYjFjNWI4XkEyXkFqcGc@._V1_.jpg,PG-13,2025,0,2025-04-11,false,100,6.0,74,co0098315,Blumhouse Productions,Drama
tt32299316,Dangerous Animals,Dangerous Animals,movie,"When Zephyr, a savvy and free-spirited surfer, is abducted by a shark-obsessed serial killer and held captive on his boat, she must figure out how to escape before he carries out a ritualistic feeding to the sharks below.",,,2025,0,2025-06-06,false,0,0.0,0,co0911185,Brouhaha Entertainment,Horror
tt10676052,The Fantastic Four: First Steps,The Fantastic Four: First Steps,movie,"Marvel's First Family face their most daunting challenge yet. Forced to balance their roles as heroes with the strength of their family bond, they must defend Earth from a ravenous space god called Galactus and his herald, Silver Surfer.",https://m.media-amazon.com/images/M/MV5BOGI1YmY2OGMtYTZkYi00ZTI2LWEwZjUtNzVmY2Q2MjA1MGFkXkEyXkFqcGc@._V1_.jpg,,2025,0,2025-07-25,false,0,0.0,0,co0051941,Marvel Studios,Action
tt26342662,M3GAN 2.0,M3GAN 2.0,movie,"Two years after M3GAN's rampage, her creator, Gemma, resorts to resurrecting her infamous creation in order to take down Amelia, the military-grade weapon who was built by a defense contractor who stole M3GAN's underlying tech.",https://m.media-amazon.com/images/M/MV5BMDFiYTU2MTYtYmIyMy00MmYxLWJiNTQtNTk3ODFmZWU3M2UyXkEyXkFqcGc@._V1_.jpg,,2025,0,2025-06-27,false,0,0.0,0,co0504531,Atomic Monster,Horror
tt4045450,I Know What You Did Last Summer,I Know What You Did Last Summer,movie,A group of friends is terrorized by a stalker who knows about a gruesome incident from their past.,https://m.media-amazon.com/images/M/MV5BNWE0ODAzYWQtYmMyZi00ZDJjLWFmOWItOTdjYzJlYTZjZTAzXkEyXkFqcGc@._V1_.jpg,,2025,0,2025-07-18,false,0,0.0,0,co0050868,Columbia Pictures,Horror
tt8619236,The Last Battleship,The Last Battleship,movie,A crew of children and adults gets the battleship back into action and begin to fight the way home after being cut off from Alliance space by an unknown attacker. The only issue is that this threat is straight out of a person's worst fears,https://m.media-amazon.com/images/M/MV5BYjc5MjBmZjQtZGYxNS00ODEwLWEwNmEtOThlZjA5MmY5YjE1XkEyXkFqcGc@._V1_.jpg,,2025,0,2025-05-02,false,0,0.0,0,co0618166,Steam House Entertainment,Horror
tt12671466,The Lost Locket,The Lost Locket,movie,A modern-day African American journalist experiences a dual reality when wearing a mysterious locket - a forbidden dreamt romance with a white soldier in 1944 and a modern-day love with a white Civil Rights Attorney.,https://m.media-amazon.com/images/M/MV5BYTZmY2Y3MDItYTcxNC00ZGFhLWFmNDAtNWZkYTE5MmQzMWUxXkEyXkFqcGc@._V1_.jpg,,2025,0,2025-05-15,false,0,0.0,0,co0690867,DreamEmpire Films,Drama
